<?xml version="1.0" encoding="UTF-8"?>
<beans xmlns="http://www.springframework.org/schema/beans"
	xmlns:xsi="http://www.w3.org/2001/XMLSchema-instance"
	xmlns:context="http://www.springframework.org/schema/context"
	xsi:schemaLocation="
        http://www.springframework.org/schema/beans https://www.springframework.org/schema/beans/spring-beans.xsd
        http://www.springframework.org/schema/context https://www.springframework.org/schema/context/spring-context.xsd">

    <bean id="employee" class="com.cts.springdi.constructor.Employee">
		<constructor-arg name="id" value="101"></constructor-arg>
		<constructor-arg name="name" value="Akash"></constructor-arg>
		<constructor-arg name="department" >
			<bean class="com.cts.springdi.constructor.Department">
				<property name="name" value="CS"></property>
			</bean>		
		</constructor-arg>
	</bean>
	
	<!-- 
	<bean id="department" class="com.cts.springdi.constructor.Department">
		<property name="name" value="CS"></property>
	</bean> -->
	<!-- <bean id="employee" class="com.cts.springdi.constructor.Employee">
		<constructor-arg name="id" value="101"></constructor-arg>
		<constructor-arg name="name" value="Akash"></constructor-arg>
		<constructor-arg name="department" ref="department"></constructor-arg>
	</bean>
	<bean id="department" class="com.cts.springdi.constructor.Department">
		<property name="name" value="CS"></property>
	</bean> -->
	
	<!-- <bean id="employee" class="com.cts.springdi.constructor.Employee">
		<constructor-arg type="int" value="101"></constructor-arg>
		<constructor-arg type="java.lang.String" value="Akash"></constructor-arg>
	</bean> -->

	<!-- <bean id="employee" class="com.cts.springdi.constructor.Employee">
		<constructor-arg index="0" value="101"></constructor-arg>
		<constructor-arg index="1" value="Akash"></constructor-arg>
	</bean> -->
</beans>