<?xml version="1.0" encoding="UTF-8"?>
<beans xmlns="http://www.springframework.org/schema/beans"
	xmlns:xsi="http://www.w3.org/2001/XMLSchema-instance"
	xmlns:aop="http://www.springframework.org/schema/aop"
	xmlns:context="http://www.springframework.org/schema/context"
	xsi:schemaLocation="
	    http://www.springframework.org/schema/context https://www.springframework.org/schema/context/spring-context.xsd 
        http://www.springframework.org/schema/beans https://www.springframework.org/schema/beans/spring-beans.xsd
        http://www.springframework.org/schema/aop https://www.springframework.org/schema/aop/spring-aop.xsd">

	<context:property-placeholder
		location="classpath:db.properties" />
	<bean id="service" class="com.cts.jdbc.service.StudentService">
		<property name="studentRepository" ref="studentRepository">
		</property>
	</bean>
	<bean id="studentRepository"
		class="com.cts.jdbc.repository.StudentRepository">
		<property name="jdbcTemplate" ref="dataSource"></property>
	</bean>

 	<bean id="dataSource"
		class="org.springframework.jdbc.datasource.DriverManagerDataSource">
		<property name="driverClassName" value="${driverClassName}" />
		<property name="url" value="${url}" />
		<property name="username" value="${user}" />
		<property name="password" value="${pass}" />
	</bean> 

	<!-- <bean id="dataSource"
		class="org.springframework.jdbc.datasource.DriverManagerDataSource">
		<property name="driverClassName"
			value="com.mysql.cj.jdbc.Driver" />
		<property name="url" value="jdbc:mysql://localhost:3306/test" />
		<property name="username" value="root" />
		<property name="password" value="mysql" />
	</bean>  -->


</beans>