<?xml version="1.0" encoding="UTF-8"?>
<beans xmlns="http://www.springframework.org/schema/beans"
	xmlns:xsi="http://www.w3.org/2001/XMLSchema-instance"
	xmlns:context="http://www.springframework.org/schema/context"
	xsi:schemaLocation="
        http://www.springframework.org/schema/beans https://www.springframework.org/schema/beans/spring-beans.xsd
        http://www.springframework.org/schema/context https://www.springframework.org/schema/context/spring-context.xsd">

	<!-- bean definitions here -->
	<bean id="nameManager" class="com.cts.collections.NameManager">
		<property name="names">
			<list>
				<value>Akash</value>
				<value>Aman</value>
				<value>Ajay</value>
			</list>

		</property>

		<property name="cities">
			<list>
				<value>Kolkata</value>
				<value>Delhi</value>
				<value>Mumbai</value>
			</list>

		</property>
		<!-- results in a setAddressMap(java.util.Map) call -->
		<property name="addressMap">
			<map>
				<entry key="1" value="INDIA" />
				<entry key="2" value="Pakistan" />
				<entry key="3" value="USA" />
				<entry key="4" value="USA" />
			</map>
		</property>

		<!-- results in a setAddressProp(java.util.Properties) call -->
		<property name="addressProp">
			<props>
				<prop key="one">INDIA</prop>
				<prop key="one">INDIA</prop>
				<prop key="two">Pakistan</prop>
				<prop key="three">USA</prop>
				<prop key="four">USA</prop>
			</props>
		</property>
	</bean>



</beans>