<?xml version="1.0" encoding="UTF-8"?>
<beans xmlns="http://www.springframework.org/schema/beans"
	xmlns:xsi="http://www.w3.org/2001/XMLSchema-instance"
	xmlns:context="http://www.springframework.org/schema/context"
	xsi:schemaLocation="
        http://www.springframework.org/schema/beans https://www.springframework.org/schema/beans/spring-beans.xsd
        http://www.springframework.org/schema/context https://www.springframework.org/schema/context/spring-context.xsd">

	<!-- bean definitions here -->
	<bean id="addressOne" name="addressOne" class="com.cts.springdi.constructor.Address"
		scope="prototype">
		<constructor-arg index="0" value="Kolkata" />
		<constructor-arg index="1" value="India" />
	</bean>
	<!-- <bean id="addressTwo" name="addressTwo" class="com.cts.springdi.constructor.Address"
		scope="prototype">
		<constructor-arg index="0" value="Delhi" />
		<constructor-arg index="1" value="India" />
	</bean> -->
	<bean id="personOne" name="personOne" class="com.cts.springdi.constructor.Person" scope="prototype">
		<constructor-arg type="int" value="202" />
		<constructor-arg type="java.lang.String" value="Akash" />
		<constructor-arg ref="addressOne" />
	</bean>
	<bean name="personTwo" class="com.cts.springdi.constructor.Person" scope="prototype">
		<constructor-arg type="int" value="203" />
		<constructor-arg type="java.lang.String" value="Aman" />
		<constructor-arg type="com.cts.springdi.constructor.Address">
		<bean class="com.cts.springdi.constructor.Address" >
			<constructor-arg index="0" value="Delhi" />
			<constructor-arg index="1" value="India" />
		</bean>
		</constructor-arg>
	</bean>

</beans>