<?xml version="1.0" encoding="UTF-8"?>
<beans xmlns="http://www.springframework.org/schema/beans"
	xmlns:xsi="http://www.w3.org/2001/XMLSchema-instance"
	xmlns:context="http://www.springframework.org/schema/context"
	xsi:schemaLocation="
        http://www.springframework.org/schema/beans https://www.springframework.org/schema/beans/spring-beans.xsd
        http://www.springframework.org/schema/context https://www.springframework.org/schema/context/spring-context.xsd">

	<!-- bean definitions here -->
	<bean id="address" class="com.cts.autowiring.Address">
		<constructor-arg index="0" value="Kolkata" />
		<constructor-arg index="1" value="India" />
	</bean>

	<bean id="person" class="com.cts.autowiring.Person"
		autowire="byName">
		<property name="id" value="202" />
		<property name="name" value="Akash" />
	</bean>

	<bean id="employee" class="com.cts.autowiring.Employee"
		autowire="constructor">
		<constructor-arg name="name" value="Akash"></constructor-arg>
	</bean>
	
	<bean id="department" class="com.cts.autowiring.Department">
		<constructor-arg name="id" value="10"></constructor-arg>
		<constructor-arg name="name" value="CS"></constructor-arg>

	</bean>
</beans>