<?xml version="1.0" encoding="UTF-8"?>
<beans xmlns="http://www.springframework.org/schema/beans"
	xmlns:xsi="http://www.w3.org/2001/XMLSchema-instance"
	xmlns:context="http://www.springframework.org/schema/context"
	xsi:schemaLocation="
        http://www.springframework.org/schema/beans https://www.springframework.org/schema/beans/spring-beans.xsd
        http://www.springframework.org/schema/context https://www.springframework.org/schema/context/spring-context.xsd">

	<!-- bean definitions here -->
	<bean id="address" class="com.cts.springdi.autowiring.Address">
		<constructor-arg index="0" value="Kolkata" />
		<constructor-arg index="1" value="India" />
	</bean>

	<bean id="person" class="com.cts.springdi.autowiring.Person">
		<constructor-arg type="int" value="202" />
		<constructor-arg type="java.lang.String" value="Akash" />
		<constructor-arg ref="address" />
	</bean>

</beans>