<?xml version = "1.0" encoding = "utf-8"?>
<!DOCTYPE hibernate-configuration SYSTEM 
"http://www.hibernate.org/dtd/hibernate-configuration-3.0.dtd">
<hibernate-configuration>
	<session-factory>

		<property name="hibernate.dialect">
			org.hibernate.dialect.MySQL8Dialect
		</property>

		<property name="hibernate.connection.driver_class">
			com.mysql.cj.jdbc.Driver
		</property>

		<!-- Assume test is the database name -->

		<property name="hibernate.connection.url">
			jdbc:mysql://localhost:3306/ormlearn
		</property>

		<property name="hibernate.connection.username">
			root
		</property>

		<property name="hibernate.connection.password">
			mysql
		</property>

		<!-- 'show_sql' set true to check sql statements on console else set to 
			false -->
		<property name="show_sql">true</property>
		<property name="format_sql">true</property>
		<!-- use 'create' to Create tables on application startup else use 'update' -->
		<property name="hbm2ddl.auto">update</property>

		<!-- List of XML mapping files -->
		<mapping class="com.cts.hibernatexmldemo.model.Employee" />

	</session-factory>
</hibernate-configuration>